consulta,tiempo_segundos
test_01_A.jpg,0.0742
test_02_A.jpg,0.0691
test_03_A.jpg,0.0676
test_04_A.jpg,0.1028
test_05_A.jpg,0.0679
test_06_B.jpg,0.0575
test_07_B.jpg,0.0638
test_08_B.jpg,0.0635
test_09_B.jpg,0.0605
test_10_B.jpg,0.0599
test_11_C.png,0.0613
test_12_C.png,0.0683
test_13_C.png,0.0594
test_14_C.png,0.1096
test_15_C.png,0.0644
test_16_D.jpg,0.0609
test_17_D.jpg,0.0602
test_18_D.jpg,0.0631
test_19_D.jpg,0.0673
test_20_D.jpg,0.061
image.png,0.0823
Diseño-Prueba.png,0.0672
Diseño-Prueba.png,0.1024
rtrete.png,0.803
image.png,0.2466
rtrete.png,0.3849
generacion_clip,133.6205
generacion_openclip,127.0079
generacion_siglip,503.4482
c01_cuerpo__clip,0.4586
c03_cuerpo__clip,0.252
c04_cuerpo__clip,0.1931
c06_cuerpo__clip,0.1659
c09_cuerpo__clip,0.2896
c10_cuerpo__clip,0.3725
c11_cuerpo__clip,0.2628
c12_cuerpo__clip,0.3274
c13_cuerpo__clip,0.4016
c15_cuerpo__clip,0.3607
c02_exacto__clip,0.2554
c03_exacto__clip,0.2904
c06_exacto__clip,0.289
c07_exacto__clip,0.2483
c08_exacto__clip,0.2617
c09_exacto__clip,0.2557
c10_exacto__clip,0.2444
c11_exacto__clip,0.2689
c13_exacto__clip,0.2576
c15_exacto__clip,0.2462
c01_recoloreado__clip,0.272
c03_recoloreado__clip,0.2674
c06_recoloreado__clip,0.2779
c08_recoloreado__clip,0.2398
c10_recoloreado__clip,0.2483
c11_recoloreado__clip,0.2406
c12_recoloreado__clip,0.2588
c13_recoloreado__clip,0.2595
c14_recoloreado__clip,0.2154
c16_recoloreado__clip,0.2497
c01_recorte__clip,0.2469
c07_recorte__clip,0.2719
c08_recorte__clip,0.2554
c09_recorte__clip,0.2515
c10_recorte__clip,0.2554
c12_recorte__clip,0.2569
c13_recorte__clip,0.2563
c14_recorte__clip,0.2201
c15_recorte__clip,0.3402
c16_recorte__clip,0.3294
c02_sin_marco__clip,0.2682
c03_sin_marco__clip,0.2208
c05_sin_marco__clip,0.2556
c06_sin_marco__clip,0.371
c07_sin_marco__clip,0.4203
c11_sin_marco__clip,0.3642
c12_sin_marco__clip,0.2961
c13_sin_marco__clip,0.2799
c14_sin_marco__clip,0.2766
c16_sin_marco__clip,0.2791
c01_cuerpo__openclip,0.199
c03_cuerpo__openclip,0.2395
c04_cuerpo__openclip,0.2382
c06_cuerpo__openclip,0.2707
c09_cuerpo__openclip,0.3164
c10_cuerpo__openclip,0.3008
c11_cuerpo__openclip,0.2888
c12_cuerpo__openclip,0.2687
c13_cuerpo__openclip,0.2943
c15_cuerpo__openclip,0.2355
c02_exacto__openclip,0.2079
c03_exacto__openclip,0.256
c06_exacto__openclip,0.2339
c07_exacto__openclip,0.2766
c08_exacto__openclip,0.3136
c09_exacto__openclip,0.3611
c10_exacto__openclip,0.2917
c11_exacto__openclip,0.2825
c13_exacto__openclip,0.2778
c15_exacto__openclip,0.2675
c01_recoloreado__openclip,0.2308
c03_recoloreado__openclip,0.2351
c06_recoloreado__openclip,0.2394
c08_recoloreado__openclip,0.2565
c10_recoloreado__openclip,0.2317
c11_recoloreado__openclip,0.1959
c12_recoloreado__openclip,0.2647
c13_recoloreado__openclip,0.2598
c14_recoloreado__openclip,0.2716
c16_recoloreado__openclip,0.2797
c01_recorte__openclip,0.2971
c07_recorte__openclip,0.2634
c08_recorte__openclip,0.2448
c09_recorte__openclip,0.2309
c10_recorte__openclip,0.255
c12_recorte__openclip,0.2436
c13_recorte__openclip,0.2141
c14_recorte__openclip,0.3098
c15_recorte__openclip,0.3444
c16_recorte__openclip,0.2878
c02_sin_marco__openclip,0.2234
c03_sin_marco__openclip,0.2947
c05_sin_marco__openclip,0.2573
c06_sin_marco__openclip,0.2388
c07_sin_marco__openclip,0.2804
c11_sin_marco__openclip,0.2373
c12_sin_marco__openclip,0.2301
c13_sin_marco__openclip,0.2214
c14_sin_marco__openclip,0.2575
c16_sin_marco__openclip,0.3043
c01_cuerpo__siglip,0.4598
c03_cuerpo__siglip,0.4786
c04_cuerpo__siglip,0.4668
c06_cuerpo__siglip,0.4588
c09_cuerpo__siglip,0.5024
c10_cuerpo__siglip,0.6767
c11_cuerpo__siglip,0.6938
c12_cuerpo__siglip,0.5072
c13_cuerpo__siglip,0.4335
c15_cuerpo__siglip,0.4708
c02_exacto__siglip,0.5195
c03_exacto__siglip,0.7056
c06_exacto__siglip,0.6369
c07_exacto__siglip,0.493
c08_exacto__siglip,0.4899
c09_exacto__siglip,0.4755
c10_exacto__siglip,0.547
c11_exacto__siglip,0.7498
c13_exacto__siglip,0.7741
c15_exacto__siglip,0.5431
c01_recoloreado__siglip,0.4555
c03_recoloreado__siglip,0.6679
c06_recoloreado__siglip,0.6903
c08_recoloreado__siglip,0.7301
c10_recoloreado__siglip,0.7303
c11_recoloreado__siglip,0.7069
c12_recoloreado__siglip,0.7863
c13_recoloreado__siglip,0.6218
c14_recoloreado__siglip,0.5357
c16_recoloreado__siglip,0.4529
c01_recorte__siglip,0.749
c07_recorte__siglip,0.6195
c08_recorte__siglip,0.5662
c09_recorte__siglip,0.5048
c10_recorte__siglip,0.4358
c12_recorte__siglip,0.4903
c13_recorte__siglip,0.7246
c14_recorte__siglip,0.677
c15_recorte__siglip,0.3879
c16_recorte__siglip,0.4915
c02_sin_marco__siglip,0.3991
c03_sin_marco__siglip,0.4394
c05_sin_marco__siglip,0.6738
c06_sin_marco__siglip,0.6339
c07_sin_marco__siglip,0.4581
c11_sin_marco__siglip,0.4376
c12_sin_marco__siglip,0.4835
c13_sin_marco__siglip,0.5671
c14_sin_marco__siglip,0.6721
c16_sin_marco__siglip,0.5583
